filo	[9019212.0]
attaccare	[9046883.0, 9018631, 9042800.0]
intervento	[9024852.0]
coccolare	[9571105.0]
perdono	[]
astro	[9075767]
convinto	[9001421]
ininterrottamente	[9876007, 9187817, 9866127]
ripiegare	[10437289.0, 9649949, 10463523.0, 10437286, 9163616, 9260898.0]
ingrassare	[]
viaggi	[9000766]
pauroso	[9300059.0, 9243524]
appoggio	[9010777.0, 9026572, 9086735]
calmare	[9170535, 9036093, 9134697.0]
rischiare	[9020552, 9015704, 9020447, 9018290.0, 9006615, 9012057]
continuamente	[9006621.0]
catechina	[]
integrato	[9727829]
attribuire	[9258472.0]
profumeria	[10211927, 9531365.0]
stimolo	[9538802, 9688789, 9817533.0, 9438838.0, 9285550.0, 9741094.0, 9157624, 9752237]
inciampare	[9132870.0]
scorpione	[9436754, 9008324]
fedele	[9003040, 9003507.0]
svenire	[9001400, 9061244, 9011057, 9063954]
funzionamento	[9253257.0, 9253258.0, 9484290.0, 9179962, 9015416]
poveraccio	[]
foro	[9018241, 9059845.0, 9050771]
manifestare	[9949174, 9671254]
riadattare	[]
siberiano	[9012637]
radiocollare	[]
prete	[9018109.0, 9037228]
munire	[]
saio (should be VER) is A1	[]
passerella	[]
poster	[9534164, 9875478, 9290488.0, 9382478]
insuccesso	[]
incantevole	[9061919, 9042710]
vinto	[]
cotechino	[9887848]
specializzare	[]
scolpito	[9429385.0, 9408639.0, 9683892, 9408325.0]
ultrasuono	[]
radiofonico	[9043247.0]
shopping	[9593931.0]
incubo	[]
gamberoni	[10453820.0]
agricoltura	[]
impero	[9005656.0, 9005627.0]
lente	[]
ferragosto	[]
dimagrire	[]
annoiare	[9633663.0, 9398769]
cortese	[9073357, 9073685]
conosciuto	[9002595]
comparare	[]
ritirare	[9009171, 9016087.0]
figuraccia	[9287755, 9159973, 9084220, 9009413]
goccia	[9002255.0]
affacciare	[]
udire	[9072821, 9073276, 9004973, 9067638]
inciviltà	[]
triennale	[10199154]
rinchiudere	[9109214, 9080865, 9008045]
dopobarba	[9417061, 9352568]
gemello	[9110066]
passatempo	[]
rinchiuso	[9004373.0, 9034824.0]
filmato	[9293563.0, 9313917]
disposizione	[9006348, 9021347]
appassionato	[9013556.0]
mite	[9196854, 9070189, 9012226, 9006364.0]
posizionare	[9574466]
progettazione	[9068918]
vegetale	[9202781, 9038854, 9010702]
matematico	[9199343]
rasoio	[9017874]
muratore	[9227266]
discordante	[]
vegetariano	[9043713, 9043718, 9271830, 9114220]
acustico	[9232965.0]
tragedia	[]
malanno	[9075522, 9066269]
voto	[9005193.0, 9001001.0]
articolato	[9674906.0]
consumare	[9051757, 9104437.0]
lealtà	[9024493]
affrontare	[9003961]
accorgersi	[9069235, 9075383, 9187454.0]
necessitare	[]
trionfo	[]
fogna	[]
campionato	[9051758.0]
latino	[9043390.0]
implorare	[9123336.0, 9072718]
formativo	[]
passante	[9272451]
punizione	[9001816, 9001963.0]
veterinario	[9001755]
avventura	[9020238, 9022972]
impoverire	[10483111]
ambientale	[9601193.0, 9657657]
socializzare	[9270252]
diffuso	[9069930.0]
imbarazzante	[]
influenza	[9023768.0]
attimo	[9000626]
progettare	[9418850, 9096945.0, 9433460.0]
sfilare	[9064581]
allegria	[9076246]
sconsiderato	[9019047]
interrompere	[9026276, 9032740, 9047800, 9037631, 9025876, 9017008.0]
turismo	[]
subire	[9174043, 9034066.0, 9161687.0, 9114651, 9166578, 9027597.0, 9069462.0]
protestare	[9043380]
assicurare	[9021661]
liberamente	[9074421]
chiacchierare	[9084941.0, 9100152.0, 9067951, 9100121.0, 9078306]
complicare	[9152821.0]
crollare	[9015375.0]
paesaggistico	[]
meteo	[9217832, 9004923.0]
laboratorio	[9000928.0]
parsimonioso	[]
significativo	[9399524, 9365083.0]
ripiego	[9524774.0, 9188820]
minimo	[9003130.0]
delicato	[9051320, 9056627.0, 9029280, 9021247.0, 9058056, 9037958]
destrezza	[9246095, 9038766]
salutare	[]
fondale	[]
trappola	[]
direttamente	[9043424, 9026280, 9008347, 9025931, 9048747.0, 9038899]
riordinare	[9201434.0]
intuire	[9187297]
cinese	[9002489.0, 9002114]
interessato	[9034195.0, 9002443.0]
abile	[9051070.0]
acquifero	[]
raggio	[9022074.0, 9022619.0]
colloquio	[]
sugo	[]
trasformare	[9030835]
vicinanza	[9166429]
acquisire	[9452327, 9274822.0]
casuale	[]
cercatore	[9003987.0, 9079335, 9003989]
ritrovamento	[9006047.0]
branco	[9015641.0]
vizio	[9091333]
riscontro	[9237269.0]
traduttore	[]
astrologo	[9606588.0]
olimpico	[9168225.0, 9217277]
credibile	[9070424.0]
scoraggiare	[]
intervistatore	[]
ufficiale	[9001477]
risparmiatore	[]
aritmetica	[9192620]
tradire	[9003095, 9047916.0]
peggiore	[9001791.0]
consecutivo	[9633385.0]
archeologico	[10431828.0, 10093817]
giurisprudenza	[9112655]
laureare	[]
esattamente	[]
recare	[9056818.0, 9024269.0]
trasferimento	[9141808.0]
denominare	[]
paternità	[9130069]
regolare	[9037394]
scorgere	[9162290, 9089651.0]
inadempimento	[9900535.0]
poverino	[9055993, 9014212]
equilibrato	[9119527.0, 9134916]
improvvisare	[9157499]
gratuito	[9041824.0, 9041818.0, 9041834.0]
profano	[9202787.0, 9079109.0, 9509870]
comportare	[9067422, 9178086, 9149044, 9095944]
fiducioso	[9200926, 9269450.0, 9068575]
gola	[9003209.0]
compera	[9047912.0]
girevole	[9124822.0, 9079512]
preside	[9112655.0, 9129754, 9113647.0, 9114062.0]
mistero	[9003497]
inferiore	[]
vendita	[]
bottega	[9004359.0, 9081709, 9027616]
tonnellata	[9081122.0]
ostruire	[9586321]
necessità	[9034067]
laurea	[9001577]
emigrare	[10426611.0, 10086607, 10471972.0]
consegnare	[9014941]
essiccare	[]
alberato	[9367426]
fondere	[9015121]
rivoluzione	[9003844.0]
brigante	[9003997.0, 9153497]
egoismo	[9077338]
intervista	[]
tradizione	[9044550.0]
ricevuta	[]
contributo	[9047993, 9006707.0]
diploma	[9011398.0]
comprensibile	[9168817, 9071127, 9131075.0]
vibrare	[]
copertina	[9010927.0]
degenza	[9857554]
scherzare	[]
cerimonia	[9001507, 9001407, 9001467.0]
puro	[9037289.0]
sporgere	[9000519]
corridoio	[9016614]
costante	[9003272]
ballerina	[9016851, 9012321, 9004074]
calcolo	[]
ammalato	[]
compilare	[9048529.0, 9121853, 9189971.0, 9151427]
trasmissione	[9026529]
illegalmente	[9069502.0]
pertanto	[9117365]
curiosamente	[]
reincarnazione	[]
dedurre	[9089471]
dirigere	[9092373.0, 9042032.0, 9041607.0, 9081304, 9060838]
radiotelegrafia	[]
massiccio	[9032502.0]
sottrarre	[9480202.0, 9239222, 9079677.0]
appassionare	[]
casolare	[9807247]
abbigliamento	[]
gesto	[9004608.0]
profanare	[9853365, 9647361, 9319386.0]
marca	[9054834, 9054833]
sciocco	[9012938, 9012960]
sottolineare	[9048455.0]
finanziamento	[]
furto	[9003138]
ferita	[9001762]
forestiero	[]
faunistico	[]
porcino	[]
abitualmente	[]
ariete	[9047214.0]
articolare	[]
prelibatezza	[9631650]
concludere	[9079081.0]
bordo	[9002450]
alternare	[9904115.0]
presentazione 	[9003182.0, 9069020]
corte	[]
impiegare	[9193257.0, 9218434.0, 9224442.0]
spina	[9030621.0]
impaziente	[9031048.0, 9031684]
sottovalutare	[9116454, 9321609]
fastidio	[9001356.0]
legato	[9000446.0]
stabilire	[9010667]
smarrimento	[10051887, 9045585]
ciliegio	[9045293]
colle	[9162350.0, 9283045.0, 9282730.0, 9282734.0]
pagamento	[9008612]
pensionato	[9254178.0]
smog	[9783317, 9656214]
bocciare	[9407559]
sfruttare	[9144692.0]
oggigiorno	[9013837]
reinserire	[10322176]
rimbalzare	[9990091, 9654955.0, 9791267, 9904551]
professione	[]
torrente	[9120055, 9151729]
superiore	[9003205]
multimediale	[]
derubare	[9155897, 9089098, 9049802, 9089324, 9154988.0]
svedese	[9002592.0, 9004906.0, 9023633.0, 9023634.0]
requisito	[9064561.0]
ammalare	[9018221.0]
combinazione	[9043323.0]
pianista	[9126486, 9129256.0, 9126113.0, 9008358]
scottare	[9691235]
tariffa	[9098508.0]
familiare	[]
ingannare	[9031714.0, 9013208]
curatore	[9030194]
probabilità	[9019257]
presenza	[9019314.0, 9019625.0, 9003055]
impegnare	[9014701.0]
montascale	[]
scomparso	[9019462.0, 9019878.0, 9003562.0]
istituto	[9012179]
massa	[]
comune	[9001135]
bozza	[9322076, 9023776, 9038661]
migliorare	[9068932, 9068786, 9068829, 9103423, 9068933]
metallo	[9003194.0, 9003398.0, 9026691.0, 9004692.0, 9009578, 9039125.0, 9009582]
folle	[9003390.0, 9022092.0, 9007931.0]
arricchire	[9989805, 9019283.0, 9770588, 9019574.0, 9201196, 9396628, 10059041, 9906306]
avvicinare	[]
bravata	[9582172, 9168884.0, 9614219.0]
controllo	[9000490]
gettare	[9018977]
consegna	[9002127.0]
spogliare	[9309680]
costume	[9023101]
liquido	[9005421.0]
avvenimento	[9082404.0]
proporre	[9028166.0]
esagerare	[9034154.0]
gratuitamente	[9314153, 9039524, 9135305]
valle	[9007002, 9044354.0, 9044912.0, 9044821.0]
occupare	[9038524]
assumere	[9015118, 9017180.0]
inevitabile	[9007409.0]
comparire	[]
vantaggioso	[]
direzionare	[]
sintomo	[9003436.0, 9003463.0, 9069929]
sanità	[9202661.0, 9315351]
composizione	[9007035.0]
ampliamento	[]
iscrivere	[9484926.0, 9942811.0]
lusso	[9001965, 9001844]
disegno	[9003221.0, 9003222.0, 9003146.0]
saziare	[9162095.0, 9466547.0, 10141594]
malessere	[9312251, 9409015, 9438677]
cuoca	[9011570, 9036416]
sottolineatura	[]
associazione	[9042351.0]
struttura	[9002319, 9069766.0]
registrare	[9055817.0]
confortevole	[]
radicalmente	[9934225, 9859319.0]
balletto	[9016546]
maggiormente	[9005862, 9142084]
comodamente	[9095848, 9218873.0, 9270005]
cauto	[9156789.0]
giuria	[9014908.0]
fantasioso	[]
decorare	[9123842.0, 9026925.0]
sottoporre	[9020670.0]
consiliare	[]
grammaticale	[9326399]
pubblicizzare	[9288021.0]
concittadino	[10167479.0, 9133391, 9986391.0, 9986385.0, 9023759.0]
totale	[9086056.0, 9006348.0]
esigente	[9039381]
ostacolare	[9335005, 9156999.0]
consumo	[9181028.0]
dimagrante	[9652685]
considerevole	[9148802.0]
copia	[]
adottare	[9094840]
ascoltatore	[]
imbianchino	[9430049.0, 9346600.0]
orgoglio	[9003980.0]
specialistico	[]
agricoltore	[9162501.0, 9099178.0, 9031846]
violino	[9075227.0, 9079076.0, 9087424.0]
inaugurare	[9206847, 9206467.0, 9070330]
posizione	[]
carboidrato	[]
atteggiamento	[9012896, 9002094]
mediocre	[9378739, 9288004.0, 9136737.0, 9297138, 9000175.0, 9329006]
manifestazione	[9000781]
maturità	[9154568]
prediligere	[]
lupo	[9002709.0]
produzione	[9001564.0]
indispensabile	[]
voluttà	[9136598]
superbia	[9065080]
colpa	[9008018.0, 9000593, 9008022, 9008322, 9003143.0, 9015932.0]
bilancio 	[9068799.0, 9011556.0]
scannerizzare	[]
emozionante	[9019409, 9019785]
sicuramente	[9000223]
scena	[]
accurato	[9047818]
ombrellone	[]
tortiglione	[]
punire	[]
decollare	[9072291.0]
fondare	[9280984.0]
particolare	[9006703.0]
follia	[]
scultura	[9361874]
generale	[9001732, 9002108.0]
negativo	[9069207]
dignitosamente	[9840819]
visitatore	[9003059]
vaccino	[9269667.0, 9074614]
stancare	[9132892, 9385861, 9232065]
esporre	[9114740]
turno	[9000990, 9001311]
personaggio	[9056294.0, 9013515, 9045098]
riferimento	[9100270.0, 9068657.0, 9003185.0, 9381343, 9336762.0, 9081679.0, 9255983]
incredibile	[]
racconto	[9029494.0, 9041604, 9004892.0, 9004678.0, 9014700.0]
spedizione	[9004107]
vulcano	[9220467.0, 9135395.0]
salsiccia	[9031708]
concretezza	[9464744]
ridotto	[9001809.0]
affascinare	[9003595.0]
targa	[]
aumentare	[9020527, 9012502.0]
carriera	[]
tesoro	[9000472]
antichità	[9157166.0, 9051453, 9048374, 9086317.0]
pallino	[9420311.0, 9123835.0]
dibattito	[9159337]
attività	[9001727.0]
salto	[]
orso	[9006980.0]
psiche	[9574655.0]
recupero	[9098004.0, 9150477, 9173115, 9134453.0, 9035101.0, 9098024]
rilasciare	[9012452]
ripetutamente	[9645252]
terminare	[9008952]
competitivo	[9196895]
ripopolare	[10466372.0, 10313783.0]
serie	[9002761.0, 9002360]
riciclabili	[]
coinvolgere	[9025423]
evidente	[9025573.0]
salvezza	[]
promozione	[9015188, 9014829]
arrotolato	[9299843.0]
discarica	[9086043]
accogliere	[9028443.0, 9055104.0]
caloria	[9187790]
pubblicato	[]
denuncia	[9000519]
durata	[9044385.0, 9044378.0]
fastidioso	[9179492.0]
vincitore	[]
viale	[9036159]
olimpiade	[]
spettacolare	[9208044.0, 9081871.0]
leggibile	[]
comunque	[9000876, 9000496]
formale	[9019734.0, 9079009, 9019383.0]
cartaceo	[]
telegrafo	[9113078, 9008120, 9044825]
esponente	[9195558.0]
proibire	[9459240, 9992605]
cenetta	[9097020.0, 9107744, 9051757.0, 9099878]
perdita	[9003688]
capotreno	[]
affidare	[]
codardia	[9117799.0, 9006394.0]
certamente	[9003098, 9045921, 9012924]
incuriosire	[9796605]
brillante	[9027044, 9024679, 9014975]
dapprima	[9087584]
ripagare	[9177766, 9289263.0, 9086418, 9289735.0, 9177765.0]
commissionare	[]
accorgere	[9636774, 9716364, 9271041.0]
disperatamente	[9073409.0, 9101506.0]
destino	[9004064.0, 9004069.0, 9003347.0, 9003094]
emozionare	[]
allerta	[]
salmone	[9320000, 9317378.0, 9058162]
impegnativo	[9134727, 9130099, 9129848]
sarto	[]
tiramisù	[9799294]
fidanzare	[]
agio	[9028151, 9000955]
gemellare	[]
dimagrimento	[10033291.0, 10033298.0]
allarmare	[]
ripassare	[9287632]
cruciverba	[]
scaricabile	[]
parere	[9012044, 9013749]
recensione	[9020347]
minore	[9001156.0, 9019638]
nido	[9011346]
portafoglio	[]
apprezzato	[9026508, 9037717.0]
vespa	[9379836.0]
breve	[9006758]
servizio	[9001977]
inutilmente	[9246931.0, 9153250, 9111671.0, 9211061.0, 9134136.0, 9050679]
instabile	[9168076.0, 9117572]
etico	[9243952, 9113288.0, 9203100]
formato	[9081181.0]
costruzione	[9002319, 9068734]
frazione	[9005160.0]
mossa	[9000930]
rilassare	[9061144.0]
trucco	[9014912.0]
garanzia	[9015638.0]
disperazione	[9003411, 9004649.0, 9016726.0, 9001803, 9069738]
ripercuotere	[]
quotidiano	[9012272]
stringere	[9002169]
semplificare	[9597237.0]
smarrire	[9958936.0]
avventuroso	[9257273, 9082900]
asino	[9018207.0]
bevanda	[9002546]
autista	[9001026]
magico	[9005627.0]
vedova	[]
ricercare	[9033360, 9118970]
tubatura	[9598317, 10295418.0, 10296489.0, 9613348.0, 10385855]
fagiolo	[9223857]
ingenuamente	[]
prestigio	[]
determinato	[9089042, 9068920.0]
caratteristico	[9285932.0, 9293793, 9285744]
teorico	[9113215]
camoscio	[9261879, 9336709, 9265906.0, 9703854.0, 9515305.0]
disponibile	[9002119.0, 9016077.0]
sostenibile	[9899584.0]
compagnia	[]
osservatorio	[9071265]
pessimo	[9032764, 9039038]
cipolla	[9052213]
dimenticato	[9000621]
prevendita	[]
dolorante	[9300367.0, 9267214.0]
merito	[9002084.0]
fermamente	[9189295, 9398020, 9150040, 9211579, 9308230]
dintorno	[]
attore	[9003455.0]
apparire	[9148681.0, 9077034.0, 9052136, 9063924, 9082654, 9069365.0]
magno	[]
intervistare	[9121746.0, 9083223.0]
condizionatore	[9601940.0, 9800828.0]
pralina	[]
cieco	[]
inventato	[9026690, 9079772, 9018903]
circolare	[9014966]
trattoria	[9141299.0]
sociale	[9008329, 9038536.0]
comporre	[9092276]
nascondino	[9367600.0, 9602970.0, 9422793, 9471745.0, 9496143]
disabile	[9893701]
pesare	[9027906]
architettonico	[9169295]
capricorno	[9894402]
scarico	[9163416.0, 9163418.0]
preoccupante	[9817108, 9745387, 9709813, 9817117.0, 9728307]
turistico	[]
musicale	[9068634]
somigliare	[9130743.0, 9073154, 9359599, 9237215.0, 9795958, 9355796]
paesaggio	[9028940.0, 9056306.0]
spalla	[9026532, 9029861, 9012509.0, 9036625.0]
discolpare	[]
beffa	[9168282.0, 9070315]
indagare	[9035613.0, 9035283]
sostenibilità	[]
sensibilizzazione	[9779590.0]
sponsor	[9288433.0, 9260945]
neppure	[9000869, 9016707]
mortale	[9005655.0, 9019203.0]
