riversare	[3343624]
attaccare	[862245, 6471712]
intervento	[1765080, 1765095]
litigio	[]
coccolare	[]
perdono	[]
avvertire	[]
preparativo	[3238498, 3238499]
astro	[2090607]
rubrica	[]
convinto	[]
ininterrottamente	[3621241, 4540836]
ripiegare	[]
viaggi	[]
pauroso	[]
appoggio	[1792094, 2465369]
calmare	[409335]
maggiore	[1947820]
arcivescovo	[]
continuamente	[]
proiezione	[]
venditore	[1872128, 7124393]
catechina	[]
integrato	[]
sensazionale	[]
attribuire	[1265056, 6843320]
yogurt	[2721041]
ragù	[]
cesta	[]
profumeria	[]
trasformazione	[1859680, 2989599]
calcetto	[]
stimolo	[2437991]
inciampare	[3305074]
scorpione	[6871878]
fedele	[893711, 1211263]
angoscia	[]
anteprima	[]
funzionamento	[]
bilancia	[6592961, 6592962]
poveraccio	[]
foro	[3238452]
preservare	[1758799]
orecchie	[]
toscano	[]
riadattare	[]
siberiano	[]
radiocollare	[]
successivo	[4244347]
munire	[]
enzima	[]
cuoio	[898090]
crollo	[3601589, 3601590]
altitudine	[]
antiquario	[6162572]
fertilizzante	[]
estinzione	[]
premiare	[]
passerella	[]
poster	[538991]
insuccesso	[]
incantevole	[]
vinto	[2201277]
spunto	[]
cotechino	[]
specializzare	[]
scolpito	[]
ultrasuono	[]
radiofonico	[]
ripieno	[]
shopping	[2222326, 5054630]
abolizione	[]
alligatore	[4819837]
incubo	[1468951, 8469475]
sciogliere	[379729, 987859]
fosso	[3391582]
gamberoni	[]
mania	[]
indagine	[1805712, 4829573]
teologia	[]
agricoltura	[]
navigazione	[825809]
lente	[]
ferragosto	[]
dimagrire	[1916346]
cortese	[3672186]
estetica	[]
conosciuto	[]
approfittare	[]
tirocinio	[7196370]
ricadere	[]
pur	[4849680]
cinematografico	[]
comparare	[]
ritirare	[3591235, 7321562]
figuraccia	[2068454]
innamorato	[]
goccia	[1160698, 3021788]
affacciare	[]
motivazione	[715665]
udire	[2198200]
minorenne	[]
invidioso	[4909376]
inciviltà	[]
triennale	[]
rinchiudere	[2206010]
scavalcare	[]
dopobarba	[]
incognita	[]
rivivere	[]
passatempo	[]
rinchiuso	[]
filmato	[]
leggenda	[2398441, 2398442]
conoscente	[713973]
successivamente	[3284010]
colonizzazione	[]
timidezza	[1720860]
appassionato	[]
indimenticabile	[4877166]
mite	[]
macinato	[]
rotondo	[653788, 653790]
cervo	[342137, 7223173]
progettazione	[]
concentrazione	[2442466]
vegetale	[]
falda	[]
esposto	[]
zodiacale	[]
rasoio	[]
muratore	[]
discordante	[]
tragedia	[1485737, 1593465]
malanno	[2784771]
articolato	[]
provvedimento	[]
lealtà	[]
insicurezza	[]
accorgersi	[]
necessitare	[]
trionfo	[1722528]
malfattore	[]
fogna	[1874159]
accoglienza	[]
persistere	[]
campionato	[]
critico	[2452516, 2989637]
modulo	[]
implorare	[]
formativo	[]
zampa	[377220]
veterinario	[]
classificare	[569602]
avventura	[1187890, 2437728]
impoverire	[547100]
altra	[1907011, 2152280]
socializzare	[]
euforia	[]
cera	[]
diffuso	[4915185, 4982105]
pizzico	[]
desistere	[]
osteria	[]
imbarazzante	[1301378]
cittadinanza	[2054194, 3162309]
dea	[]
pancetta	[3779038, 3779042]
eros	[]
attimo	[624971, 1583647]
progettare	[2416308, 3296228]
sfilare	[]
allegria	[4900533]
occupazione	[1754707, 5635280]
sconsiderato	[]
prevalenza	[]
sopracciglio	[]
diffusione	[2231041]
raccomandata	[]
invidia	[]
pepita	[]
prenotato	[]
turismo	[]
serenamente	[]
interrogazione	[]
restante	[]
percentuale	[3483252]
subire	[4919303]
originario	[967395]
stabilimento	[2173201]
statistica	[]
protestare	[627710, 2784692]
incontentabile	[]
insomma	[]
integro	[]
liberamente	[715201, 1857161]
chiacchierare	[381855, 1541461]
misto	[4916981, 4922682]
crollare	[570411]
paesaggistico	[]
banconota	[]
meteo	[2925274]
casella	[]
laboratorio	[1535723, 2575516]
lotto	[]
parsimonioso	[5985755]
significativo	[]
ripiego	[]
magari	[1350158, 3352157]
contaminare	[]
nervosismo	[]
delicato	[1755067, 8080760]
destrezza	[]
rotella	[992751]
fondale	[]
trappola	[3164266]
posare	[1851326, 2254374]
testardo	[]
vietato	[]
intuire	[2038912]
eccezionale	[1792219, 1842400]
interessato	[1759542, 3841145]
abile	[1326955]
lupa	[]
acquifero	[]
merluzzo	[]
colloquio	[]
arrivato	[5465970]
apatia	[631242]
atleta	[]
sugo	[]
elemento	[2383781, 2439026]
storiella	[1847593]
dettagliato	[]
fondente	[]
dedicare	[2460049, 3280643]
reintrodurre	[]
cercatore	[2453594]
ritrovamento	[]
circostanza	[1816903, 4902352]
parziale	[]
branco	[]
vizio	[937680, 1401354]
riscontro	[3672186]
scenografia	[]
traduttore	[541772]
astrologo	[]
persino	[2420968]
olimpico	[1577797]
credibile	[]
scoraggiare	[]
rappresentazione	[]
viaggiatore	[3284010]
giada	[]
usato	[910277, 1449280]
van	[]
intervistatore	[]
ufficiale	[2059890]
risparmiatore	[]
aritmetica	[]
peggiore	[]
nascondiglio	[]
baita	[]
consecutivo	[]
sostituire	[499910]
affermare	[]
archeologico	[]
giurisprudenza	[3573650, 3573651]
barbiere	[]
laureare	[]
guadagno	[7980061]
cortometraggio	[]
recare	[1810949]
inizialmente	[]
ultimamente	[374186, 2189466]
trasferimento	[3671593]
scioglimento	[]
malvagità	[1309161, 1326851]
copiare	[2056030]
denominare	[3627091]
assicurazione	[350327]
paternità	[]
regolare	[2196471]
sudare	[3317955, 4266289]
scorgere	[2054178, 7036109]
inadempimento	[]
poverino	[]
cioccolatino	[4919702]
salvaguardia	[]
equilibrato	[]
braccare	[]
improvvisare	[]
gratuito	[373956, 1585830]
carbonara	[]
telegiornale	[]
generosità	[]
profano	[]
specializzato	[]
tour	[5993073, 5993075]
educativo	[]
fiducioso	[]
mestiere	[1754705, 1850829]
compera	[707352, 999538]
girevole	[]
emissione	[]
barriera	[2437218]
preside	[1583043, 1583044]
pesticida	[]
sindaco	[1022999]
inferiore	[1754643, 2263463]
whisky	[715679]
accademico	[1326753]
cosiddetto	[1759560]
bottega	[]
tonnellata	[]
emigrare	[]
essiccare	[4420981]
alberato	[]
climatico	[720451, 2057313]
fondere	[]
rivoluzione	[2212272, 3278911]
brigante	[]
egoismo	[]
intervista	[3406964]
colpito	[]
tradizione	[6933506]
vantare	[1454895, 4293378]
sms	[]
ricevuta	[]
contributo	[]
assistere	[]
diploma	[]
vibrare	[]
grammo	[]
marinaio	[]
bimbo	[4987895]
chat	[]
copertina	[]
degenza	[]
cerimonia	[1803977, 4947640]
ente	[1758490]
sporgere	[1495072, 2798482]
glutine	[]
dandy	[]
inconveniente	[]
corridoio	[439443, 2453995]
biscotto	[2615686]
ballerina	[]
ammalato	[]
radunare	[]
compilare	[]
trasmissione	[]
suonato	[]
fronda	[]
illegalmente	[]
senato	[]
pertanto	[740368, 948080]
rimborsare	[]
indubbiamente	[1032489]
curiosamente	[]
reincarnazione	[3120669]
dedurre	[]
radiotelegrafia	[]
fiorino	[]
massiccio	[1719731, 4722517]
sottrarre	[874399]
cacao	[538988, 2429163]
impervio	[]
incrocio	[]
appassionare	[2213720, 3511548]
discount	[]
casolare	[]
fucile	[3483541]
abbigliamento	[1806522]
cespuglio	[1762755]
coordinatore	[]
iscrizione	[]
profanare	[]
marca	[4436064]
astronomico	[]
edizione	[]
modifica	[]
innegabile	[]
occupato	[]
trionfare	[]
folata	[]
obbligatorio	[7124241]
sottolineare	[1759636, 2092829]
finanziamento	[3000700]
furto	[612805, 5070482]
forestiero	[]
faunistico	[]
salpare	[]
porcino	[]
abitualmente	[]
esibizione	[]
ariete	[]
condizionare	[]
informatica	[1416105]
interazione	[2457780]
sovrappensiero	[]
prelibatezza	[]
artistico	[3441513]
contestare	[]
docente	[]
indagare	[1103712]
sostenibilità	[]
sensibilizzazione	[]
sponsor	[]
mortale	[670805]
alternare	[3030534]
corte	[]
impiegare	[1776893, 2028978]
coperto	[1719472]
fisica	[]
ricostituire	[]
fastidio	[3343479]
legato	[4919695]
liceo	[539006]
allestire	[]
stabilire	[2272536, 3761070]
ingiustizia	[6954345]
furbo	[2474495, 3094002]
discendente	[]
smarrimento	[]
ciliegio	[409462, 409467]
collaborazione	[2227490]
colle	[2254374]
pagamento	[]
monitorare	[]
pensionato	[]
@ord@	[]
cattiveria	[]
smog	[715193]
bocciare	[3987348]
decennio	[]
scivolo	[]
grigliata	[]
sfruttare	[918413]
ricominciare	[1722431, 1915002]
oggigiorno	[1754705, 7321573]
reinserire	[]
rimbalzare	[]
professione	[5489729]
inno	[2758474]
canile	[]
relativo	[]
torrente	[]
marciapiede	[4998946, 4998976]
multimediale	[]
fiscale	[1471973]
allegare	[350371]
derubare	[]
requisito	[]
combinazione	[503559, 2195795]
tariffa	[]
curatore	[]
legame	[]
probabilità	[]
presenza	[]
fast	[]
pigrizia	[]
ampliare	[2224588]
agitazione	[]
montascale	[]
vistare	[]
scomparso	[]
istituto	[538991, 1606313]
contattare	[1073334]
ventenne	[]
bozza	[]
orale	[4518]
quadrare	[]
fruttivendolo	[]
bravata	[]
spogliare	[2388998]
avvenimento	[1326980]
invio	[]
informatico	[500178, 3272231]
gratuitamente	[1300676, 4075159]
tipico	[905668, 2193459]
dipendenza	[3044958, 3268828]
dinamico	[]
grotta	[]
inevitabile	[5061881]
abbandonato	[1510625, 1510629]
comparire	[]
vantaggioso	[380877, 2427736]
direzionare	[]
sintomo	[428848, 1265056]
sanità	[399343]
composizione	[980897]
astuto	[2474495]
ampliamento	[]
iscrivere	[508077, 1978309]
obbligo	[1422113]
lusso	[3566763]
disegno	[1554261, 3078245]
chissà	[1765896, 3671416]
saziare	[]
malessere	[]
cuoca	[]
svuotare	[3266035]
sottolineatura	[]
destinatario	[]
associazione	[1020523]
resistenza	[]
grandezza	[794196, 2112390]
trovatosi	[]
cinta	[]
sede	[3421137]
super	[]
confortevole	[]
radicalmente	[1718953, 1867382]
illustre	[1211170]
balletto	[]
maggiormente	[2201288]
comodamente	[]
invitato	[]
comunicativo	[2456034]
cauto	[]
giuria	[]
panorama	[403026]
fantasioso	[]
decorare	[2152280, 2189454]
consiliare	[]
alunno	[2291338, 3056945]
discendere	[976832, 2056533]
finalista	[]
pastore	[3505962]
inventore	[969840, 5413883]
grammaticale	[]
specificatamente	[]
candidato	[1739764, 2433713]
pubblicizzare	[]
editoria	[]
concittadino	[]
arrostito	[]
smarrito	[]
ostacolare	[]
dimagrante	[]
considerevole	[4099065]
prevenire	[946780, 3282449]
coordinare	[1368164]
concorso	[4933426]
ascoltatore	[2733044]
imbianchino	[]
orgoglio	[759894]
specialistico	[]
evolutivo	[]
istituzione	[1758457, 1795464]
inaugurare	[]
esploratore	[825809]
carboidrato	[]
borsetta	[]
mediocre	[2632781, 6026157]
manifestazione	[4913004]
statua	[1049478]
disavventura	[]
maturità	[]
prediligere	[]
inquinamento	[2196491]
graduale	[]
voluttà	[]
compositore	[401495, 6140291]
archeologia	[]
superbia	[]
scannerizzare	[]
menu	[]
trasmettere	[]
concessione	[1758490]
accurato	[1759642]
ombrellone	[]
tortiglione	[]
punire	[1633225, 2714803]
scorretto	[]
inosservato	[]
inoltre	[1758806, 2217608]
testimonianza	[]
profilo	[1461855]
socia	[]
boutique	[5071604]
ventilato	[]
scultura	[]
risalire	[1368164]
efficacia	[]
quotidianamente	[4434530]
dignitosamente	[627710]
visitatore	[350408, 622230]
vitamina	[4984420, 4984421]
vaccino	[7192424]
food	[]
ripresa	[3607212]
realmente	[]
celebre	[3081965, 4865651]
stancare	[1766141, 5151454]
fauna	[]
asciugacapelli	[]
evoluzione	[1737231, 3664587]
rilevare	[]
turno	[2213750, 3769811]
personaggio	[]
severamente	[4162976]
rimborso	[]
allegato	[]
editoriale	[3264147]
fritto	[1693145, 3190039]
attrezzo	[2383804, 3094002]
link	[]
festeggiato	[]
faticare	[]
ipotizzare	[]
riferimento	[1856712]
saporito	[]
voluto	[]
manifesto	[]
usanza	[2197529]
viso	[]
spedizione	[]
ingrediente	[]
metropolitano	[]
universitario	[373528]
salsiccia	[]
ghiacciaio	[]
dina	[]
danza	[2275139, 7776127]
concretezza	[]
ridotto	[3283324, 3283325]
socio	[]
ecc	[]
targa	[]
antichità	[]
cristallino	[]
motto	[]
professionista	[]
intraprendere	[3426024]
pallino	[]
aurora	[2031603, 2974371]
dibattito	[1765066, 2147878]
sincerità	[]
salto	[1907111]
arduo	[1758487]
ovviamente	[5172867]
criterio	[]
psiche	[4920805]
recupero	[]
rilasciare	[]
ripetutamente	[]
bicocca	[]
iscritto	[1758812]
allenare	[1809181, 5739288]
competitivo	[]
ripopolare	[]
semestre	[]
allestimento	[]
serie	[]
inconfondibile	[4998976]
riciclabili	[2728287]
salvezza	[1850020]
gareggiare	[]
elettronico	[]
telecamera	[]
spostamento	[2213603]
habitat	[]
arrotolato	[]
stressante	[]
discarica	[1646130]
scavare	[3021788]
caloria	[4503310]
fattorino	[]
pubblicato	[]
denuncia	[3250110]
riunire	[1735650, 1860234]
durata	[1846952, 1878239]
fastidioso	[3761021]
vincitore	[1265197]
ospitare	[]
viale	[5414985]
olimpiade	[]
spettacolare	[]
leggibile	[]
visionario	[]
formale	[]
cartaceo	[]
telegrafo	[999181, 999185]
esponente	[]
lassù	[1763977]
dignitoso	[]
cenetta	[]
soddisfatto	[]
capotreno	[]
allarmante	[]
codardia	[1321501]
serra	[]
incuriosire	[2485408, 4544715]
brillante	[1838558, 4473516]
dapprima	[1758790]
ripagare	[4292773]
amarezza	[3561437]
rifiuto	[1759560, 4417525]
commissionare	[]
aggiunto	[1743129]
disperatamente	[2997641]
steccato	[]
preparato	[]
emozionare	[670738, 955025]
eterno	[1434757]
allerta	[]
salmone	[5985717]
impegnativo	[]
navigare	[]
intervistato	[]
sarta	[]
tiramisù	[]
sepolto	[1931689]
cordiale	[862194, 2417941]
fidanzare	[947388, 1873270]
agio	[1010953, 2191926]
gemellare	[]
dimagrimento	[]
allarmare	[3369956]
approfondimento	[]
grido	[706823, 5550381]
ripassare	[]
cruciverba	[3268774]
meraviglia	[2090607, 2205678]
scaricabile	[]
scritta	[]
recensione	[]
elencare	[2140478]
pari	[645577, 1000524]
nido	[5172283]
lettura	[1566477, 3307383]
apprezzato	[]
canale	[2215527]
modalità	[]
lira	[1200979]
apprendistato	[]
vespa	[7033310, 7033311]
costituzione	[637196, 2988232]
inutilmente	[4309799]
instabile	[1561186]
etico	[]
milanese	[]
formato	[]
regista	[]
frazione	[]
professionalità	[5169014]
ozono	[]
annuncio	[3088597]
orecchino	[]
rilassare	[2427303, 6551121]
autorevolezza	[]
oblio	[]
garanzia	[3296530, 4974539]
disperazione	[]
civico	[]
specie	[920664, 4886413]
ripercuotere	[]
esercitare	[2443782]
componente	[]
invasione	[]
semplificare	[]
smarrire	[4579898, 5962427]
asino	[4548, 385343]
bevanda	[3807090, 3956669]
congresso	[2283512]
autista	[2584485, 5665637]
magico	[4473804, 4473805]
astronomia	[382269]
danneggiare	[668049, 2449136]
ricercare	[5600767]
tubatura	[]
aeronautico	[]
ingenuamente	[]
prestigio	[]
originale	[1002806, 2510733]
applicato	[]
caratteristico	[]
teorico	[1296406]
camoscio	[]
osservatorio	[]
stand	[]
dimenticato	[]
prevendita	[]
idoneo	[]
archeologo	[]
burocrazia	[2402142]
mercatino	[]
svolgimento	[1368154]
pietoso	[]
dolorante	[]
scontato	[3798510]
merito	[1754669, 1856712]
fermamente	[]
ferocia	[]
dintorno	[2219171, 3525537]
brevettare	[]
scheda	[]
partecipazione	[1510811]
raffigurare	[]
magno	[]
intervistare	[2196057]
coniuge	[]
commovente	[4910805]
poté	[2198516, 2206057]
condizionatore	[2056101]
attivare	[]
specificare	[3162241]
pralina	[996850]
scelto	[2423420]
circolare	[]
trattoria	[]
gradino	[]
assicurato	[]
nascondino	[]
disabile	[]
oroscopo	[]
influire	[]
ingegneria	[4750138]
architettonico	[1796343]
capricorno	[]
dovunque	[]
studioso	[1874163]
imbiancare	[]
noia	[1905694, 2796312]
applicazione	[1166632, 2132684]
preoccupante	[]
portale	[2437011]
musicale	[2205998, 3375669]
somigliare	[2205882]
spalla	[883116, 1278503]
discolpare	[]
beffa	[]
fondazione	[]
