riversare	[]
attaccare	[862245]
intervento	[1765095, 1765080]
litigio	[]
lotteria	[]
coccolare	[]
perdono	[]
avvertire	[]
preparativo	[3238498.0, 3238499.0]
astro	[2090607]
rubrica	[]
convinto	[]
ininterrottamente	[4540836, 3621241]
ripiegare	[]
ingrassare	[4622]
viaggi	[]
pauroso	[]
appoggio	[1792094.0, 2465369.0]
calmare	[]
maggiore	[1947820.0]
arcivescovo	[]
rischiare	[1765105, 1445395]
continuamente	[]
proiezione	[]
ammirazione	[4853058, 5562484]
venditore	[1872128]
catechina	[]
integrato	[]
sensazionale	[]
attribuire	[1265056, 6843320]
yogurt	[]
ragù	[]
cesta	[]
profumeria	[]
trasformazione	[1859680, 2989599.0]
calcetto	[]
stimolo	[2437991]
inciampare	[3305074]
scorpione	[6871878]
fedele	[893711, 1211263]
angoscia	[]
anteprima	[]
funzionamento	[]
bilancia	[6592961, 6592962.0]
poveraccio	[]
foro	[3238452.0]
manifestare	[749452, 1444212]
preservare	[1758799]
orecchie	[]
toscano	[]
riadattare	[]
siberiano	[]
radiocollare	[]
successivo	[4244347.0]
prete	[625097]
munire	[]
enzima	[]
cuoio	[898090]
crollo	[3601589.0, 3601590.0]
altitudine	[]
antiquario	[6162572]
fertilizzante	[]
estinzione	[]
premiare	[]
passerella	[]
poster	[538991.0]
insuccesso	[]
incantevole	[]
vinto	[2201277]
spunto	[]
cotechino	[]
specializzare	[]
scolpito	[]
ultrasuono	[]
radiofonico	[]
ripieno	[]
shopping	[]
abolizione	[]
alligatore	[4819837.0]
incubo	[1468951, 8469475.0]
menzogna	[1856762.0]
sciogliere	[987859.0]
fosso	[3391582]
gamberoni	[]
mania	[]
indagine	[4829573.0, 1805712]
teologia	[]
agricoltura	[]
navigazione	[825809]
lente	[]
ferragosto	[]
dimagrire	[1916346]
annoiare	[967755]
cortese	[3672186]
estetica	[]
conosciuto	[]
approfittare	[]
tirocinio	[]
ricadere	[]
pur	[4849680]
cinematografico	[]
criticare	[715201.0, 7775114]
comparare	[]
ritirare	[7321562.0]
figuraccia	[2068454]
innamorato	[]
goccia	[1160698, 3021788.0]
affacciare	[]
motivazione	[715665]
udire	[2198200]
minorenne	[]
invidioso	[]
inciviltà	[]
triennale	[]
rinchiudere	[2206010]
scavalcare	[]
dopobarba	[]
incognita	[]
rivivere	[]
passatempo	[]
amato	[1196095, 1796288]
rinchiuso	[]
ruolo	[1754697.0, 1010975.0]
filmato	[]
leggenda	[]
conoscente	[713973]
successivamente	[3284010.0]
colonizzazione	[]
timidezza	[1720860]
appassionato	[]
indimenticabile	[4877166]
mite	[]
macinato	[]
rotondo	[]
cervo	[7223173.0]
progettazione	[]
concentrazione	[2442466]
vegetale	[]
falda	[]
esposto	[]
zodiacale	[]
ultima	[1504157.0]
rasoio	[]
muratore	[]
discordante	[]
vegetariano	[3700684, 1006711]
tragedia	[1593465]
malanno	[2784771.0]
articolato	[]
provvedimento	[]
lealtà	[]
insicurezza	[]
accorgersi	[]
necessitare	[]
trionfo	[1722528]
malfattore	[]
fogna	[1874159]
accoglienza	[]
persistere	[]
campionato	[]
critico	[]
fata	[3088592, 388169]
modulo	[]
implorare	[]
formativo	[]
zampa	[377220.0]
veterinario	[]
classificare	[569602]
regolarmente	[2433921, 749477.0]
avventura	[2437728, 1187890.0]
impoverire	[]
altra	[2152280.0, 1907011.0]
socializzare	[]
euforia	[]
cera	[]
diffuso	[4982105.0, 4915185]
pizzico	[]
desistere	[]
osteria	[]
imbarazzante	[]
cittadinanza	[2054194.0, 3162309]
dea	[]
negare	[2347180]
pancetta	[3779038.0, 3779042.0]
eros	[]
attimo	[624971]
progettare	[3296228.0, 2416308.0]
sfilare	[]
allegria	[4900533]
occupazione	[1754707.0, 5635280]
sconsiderato	[]
prevalenza	[]
sopracciglio	[]
diffusione	[2231041]
teatrale	[2430327, 3387920.0]
raccomandata	[]
invidia	[]
pepita	[]
prenotato	[]
turismo	[]
serenamente	[]
interrogazione	[]
restante	[]
percentuale	[3483252]
subire	[4919303.0]
originario	[967395.0]
stabilimento	[2173201.0]
statistica	[]
protestare	[2784692.0]
incontentabile	[]
insomma	[]
integro	[]
liberamente	[1857161, 715201]
chiacchierare	[381855]
misto	[4916981.0, 4922682.0]
crollare	[570411]
paesaggistico	[]
banconota	[]
meteo	[2925274]
casella	[]
laboratorio	[1535723.0, 2575516.0]
sovrano	[876868.0, 419087.0]
lotto	[]
parsimonioso	[]
significativo	[]
ripiego	[]
magari	[]
contaminare	[]
nervosismo	[]
agitare	[2221831, 2221809.0]
delicato	[1755067.0, 8080760.0]
destrezza	[]
rotella	[]
fondale	[]
trappola	[3164266]
posare	[2254374.0, 1851326.0]
riordinare	[1751830, 6592965]
testardo	[]
vietato	[]
intuire	[2038912]
eccezionale	[1842400.0, 1792219.0]
interessato	[1759542.0]
abile	[1326955.0]
lupa	[]
acquifero	[]
merluzzo	[]
colloquio	[]
arrivato	[5465970]
apatia	[631242.0]
atleta	[]
sugo	[]
vicinanza	[2510036, 1838484.0]
elemento	[2439026.0]
storiella	[1847593]
dettagliato	[]
fondente	[]
dedicare	[2460049.0, 3280643.0]
reintrodurre	[]
casuale	[5137060]
cercatore	[2453594]
ritrovamento	[]
circostanza	[4902352, 1816903]
parziale	[]
abilità	[2127885, 4922299.0]
branco	[]
vizio	[1401354.0, 937680]
riscontro	[3672186.0]
scenografia	[]
traduttore	[]
astrologo	[]
persino	[2420968.0]
cassetto	[4919695, 4887069]
olimpico	[1577797]
credibile	[]
scoraggiare	[]
rappresentazione	[]
dieta	[4700, 1514736]
viaggiatore	[3284010.0]
giada	[]
usato	[1449280.0, 910277.0]
van	[]
intervistatore	[]
ufficiale	[2059890]
risparmiatore	[]
aritmetica	[]
tradire	[]
peggiore	[]
nascondiglio	[]
baita	[]
consecutivo	[]
sostituire	[499910.0]
affermare	[]
archeologico	[]
giurisprudenza	[3573650, 3573651]
barbiere	[]
laureare	[]
guadagno	[7980061.0]
esattamente	[1964648, 3615827.0]
cortometraggio	[]
recare	[1810949.0]
offendere	[]
inizialmente	[]
ultimamente	[2189466.0, 374186]
trasferimento	[3671593.0]
scioglimento	[]
malvagità	[1326851, 1309161]
copiare	[2056030.0]
denominare	[3627091.0]
assicurazione	[350327]
paternità	[]
regolare	[2196471]
sudare	[3317955.0, 4266289]
scorgere	[2054178, 7036109]
inadempimento	[]
poverino	[]
cioccolatino	[4919702]
salvaguardia	[]
equilibrato	[]
braccare	[]
improvvisare	[]
gratuito	[]
carbonara	[]
telegiornale	[]
generosità	[]
profano	[]
specializzato	[]
tour	[5993073.0, 5993075.0]
educativo	[]
fiducioso	[]
mestiere	[1754705, 1850829.0]
gola	[4522628]
compera	[999538]
girevole	[]
emissione	[]
barriera	[2437218.0]
preside	[]
pesticida	[]
mistero	[3877208, 2878522.0]
sindaco	[1022999]
inferiore	[2263463.0, 1754643.0]
whisky	[715679]
accademico	[1326753.0]
cosiddetto	[1759560.0]
bottega	[]
tonnellata	[]
emigrare	[]
essiccare	[4420981.0]
curioso	[2444140, 1012837]
alberato	[]
climatico	[720451.0, 2057313.0]
fondere	[]
rivoluzione	[2212272.0]
brigante	[]
egoismo	[]
intervista	[3406964]
colpito	[]
tradizione	[6933506]
vantare	[1454895, 4293378]
sms	[]
ricevuta	[]
contributo	[]
assistere	[]
diploma	[]
vibrare	[]
grammo	[]
ala	[1762730.0, 2254374.0]
marinaio	[]
bimbo	[]
chat	[]
copertina	[]
compiere	[3546838, 7201297]
degenza	[]
scherzare	[2272319]
cerimonia	[4947640, 1803977]
ente	[1758490.0]
puro	[2997135.0, 3490900.0]
sporgere	[]
glutine	[]
dandy	[]
inconveniente	[]
informare	[2784790.0, 2784791.0]
corridoio	[2453995, 439443]
biscotto	[]
ballerina	[]
calcolo	[]
ammalato	[]
radunare	[]
compilare	[]
trasmissione	[]
suonato	[]
fronda	[]
illegalmente	[]
senato	[]
pertanto	[740368.0, 948080]
rimborsare	[]
indubbiamente	[1032489.0]
curiosamente	[]
reincarnazione	[3120669]
dedurre	[]
dirigere	[2428284, 7713790]
radiotelegrafia	[]
fiorino	[]
massiccio	[4722517.0]
sottrarre	[]
cacao	[2429163.0, 538988]
impervio	[]
incrocio	[]
appassionare	[2213720]
discount	[]
casolare	[]
fucile	[3483541.0]
abbigliamento	[]
cespuglio	[1762755]
coordinatore	[]
iscrizione	[]
profanare	[]
marca	[4436064.0]
astronomico	[]
edizione	[]
modifica	[]
innegabile	[]
occupato	[]
trionfare	[]
folata	[]
obbligatorio	[]
sottolineare	[2092829, 1759636]
finanziamento	[3000700]
furto	[]
maestra	[2195736, 2453159]
ferita	[382929, 3004012]
forestiero	[]
faunistico	[]
salpare	[]
porcino	[]
abitualmente	[]
esibizione	[]
panna	[2989599.0, 1549874]
ariete	[]
condizionare	[]
informatica	[1416105]
alternativa	[]
interazione	[2457780.0]
prenotazione	[2584787, 759986.0]
sovrappensiero	[]
prelibatezza	[]
artistico	[3441513.0]
contestare	[]
docente	[]
indagare	[1103712]
sostenibilità	[]
sensibilizzazione	[]
sponsor	[]
mortale	[670805.0]
bordo	[1762730.0, 969950]
alternare	[3030534]
presentazione	[2510606.0, 1250946]
corte	[]
impiegare	[1776893.0, 2028978.0]
coperto	[1719472.0]
severo	[1032314, 387331.0]
fisica	[]
impaziente	[2022773]
ricostituire	[]
sottovalutare	[755767.0]
fastidio	[3343479]
legato	[4919695]
liceo	[539006]
allestire	[]
stabilire	[3761070, 2272536]
ingiustizia	[6954345]
furbo	[2474495.0, 3094002.0]
discendente	[]
smarrimento	[]
ciliegio	[409462, 409467]
collaborazione	[2227490]
colle	[2254374.0]
pagamento	[]
monitorare	[]
pensionato	[]
@ord@	[]
cattiveria	[]
smog	[715193]
bocciare	[3987348]
decennio	[]
scivolo	[]
grigliata	[]
sfruttare	[]
ricominciare	[1915002, 1722431]
oggigiorno	[1754705, 7321573]
reinserire	[]
rimbalzare	[]
professione	[5489729]
inno	[2758474.0]
canile	[]
relativo	[]
torrente	[]
marciapiede	[4998976.0, 4998946.0]
mostro	[1391473, 1101567]
multimediale	[]
fiscale	[1471973]
allegare	[350371.0]
derubare	[]
requisito	[]
combinazione	[503559, 2195795.0]
tariffa	[]
ingannare	[3164266, 1606313]
curatore	[]
legame	[]
probabilità	[]
presenza	[]
fast	[]
pigrizia	[]
tomba	[758446, 4718301]
ampliare	[2224588]
agitazione	[]
montascale	[]
vistare	[]
scomparso	[]
istituto	[1606313, 538991.0]
contattare	[1073334]
ventenne	[]
massa	[1166632.0, 1325453]
bozza	[]
metallo	[]
orale	[4518]
quadrare	[]
fruttivendolo	[]
bravata	[]
spogliare	[2388998]
liquido	[920664.0, 1827103.0]
avvenimento	[1326980]
sito	[3239920]
invio	[]
informatico	[3272231]
esagerare	[]
gratuitamente	[4075159.0]
tipico	[2193459.0, 905668]
dipendenza	[3268828.0, 3044958]
dinamico	[]
grotta	[]
inevitabile	[]
abbandonato	[1510625, 1510629]
comparire	[]
vantaggioso	[2427736.0, 380877.0]
parcheggiare	[2268230, 3262861.0]
direzionare	[]
sintomo	[1265056]
sanità	[399343.0]
terribilmente	[2221839.0]
composizione	[]
astuto	[2474495.0]
ampliamento	[]
iscrivere	[1978309, 508077]
obbligo	[1422113.0]
lusso	[3566763.0]
rallegrare	[2784799, 2784898]
disegno	[3078245]
chissà	[3671416, 1765896]
saziare	[]
malessere	[]
cuoca	[]
svuotare	[3266035]
sottolineatura	[]
destinatario	[]
associazione	[1020523.0]
resistenza	[]
registrare	[666732.0]
grandezza	[794196.0, 2112390]
trovatosi	[]
cinta	[]
sede	[3421137.0]
super	[]
confortevole	[]
radicalmente	[1718953, 1867382.0]
illustre	[1211170.0]
balletto	[]
maggiormente	[2201288.0]
comodamente	[]
invitato	[]
comunicativo	[2456034]
cauto	[]
giuria	[]
panorama	[403026]
fantasioso	[]
decorare	[2152280.0, 2189454]
consiliare	[]
alunno	[2291338.0, 3056945]
discendere	[976832, 2056533]
finalista	[]
pastore	[]
inventore	[5413883.0, 969840]
grammaticale	[]
specificatamente	[]
candidato	[2433713.0, 1739764]
pubblicizzare	[]
editoria	[]
concittadino	[]
totale	[4610281.0]
arrostito	[]
smarrito	[]
esigente	[3260860, 3260861]
apprendere	[1866867.0, 6592967]
ostacolare	[]
dimagrante	[]
considerevole	[4099065]
copia	[819960, 2576399]
adottare	[612175.0, 3290927]
prevenire	[3282449.0, 946780.0]
coordinare	[1368164.0]
concorso	[4933426.0]
ascoltatore	[]
imbianchino	[]
orgoglio	[759894]
specialistico	[]
evolutivo	[]
istituzione	[1758457.0, 1795464]
inaugurare	[]
esploratore	[825809]
carboidrato	[]
atteggiamento	[2428407.0, 2427736.0]
borsetta	[]
mediocre	[2632781]
imperatore	[3025380, 569338]
magnifico	[]
manifestazione	[4913004]
statua	[1049478.0]
disavventura	[]
maturità	[]
prediligere	[]
inquinamento	[2196491.0]
graduale	[]
indispensabile	[1795486.0, 1796055]
voluttà	[]
compositore	[6140291.0, 401495]
archeologia	[]
superbia	[]
scannerizzare	[]
menu	[]
trasmettere	[]
concessione	[1758490.0]
utente	[727003.0]
accurato	[1759642]
ombrellone	[]
tortiglione	[]
punire	[1633225]
scorretto	[]
cogliere	[3092036.0, 2056093.0]
fondare	[2433015.0]
inosservato	[]
inoltre	[1758806, 2217608]
testimonianza	[]
profilo	[1461855]
socia	[]
boutique	[5071604]
ventilato	[]
scultura	[]
risalire	[1368164.0]
efficacia	[]
quotidianamente	[4434530.0]
dignitosamente	[627710.0]
video	[2793229.0, 1919189]
visitatore	[350408]
vitamina	[4984420, 4984421]
vaccino	[7192424.0]
food	[]
ripresa	[3607212]
realmente	[]
celebre	[4865651.0]
stancare	[1766141]
esporre	[4295974.0, 900413]
fauna	[]
asciugacapelli	[]
evoluzione	[1737231.0, 3664587.0]
rilevare	[]
turno	[2213750]
personaggio	[]
severamente	[]
rimborso	[]
allegato	[]
editoriale	[3264147]
fritto	[1693145.0, 3190039]
attrezzo	[3094002.0, 2383804]
link	[]
festeggiato	[]
faticare	[]
ipotizzare	[]
riferimento	[1856712.0]
provocare	[1859679.0, 2328756.0]
saporito	[]
voluto	[]
manifesto	[]
usanza	[2197529.0]
viso	[]
spedizione	[]
ingrediente	[]
metropolitano	[]
universitario	[373528]
salsiccia	[]
ghiacciaio	[]
dina	[]
danza	[7776127.0, 2275139]
concretezza	[]
ridotto	[3283324.0, 3283325.0]
socio	[]
ecc	[]
targa	[]
tesoro	[860687, 4620156]
antichità	[]
cristallino	[]
motto	[]
professionista	[]
intraprendere	[3426024]
pallino	[]
aurora	[2974371, 2031603]
dibattito	[1765066, 2147878.0]
sincerità	[]
salto	[1907111]
arduo	[1758487.0]
robot	[609456, 3314119.0]
ovviamente	[]
criterio	[]
psiche	[4920805.0]
recupero	[]
rilasciare	[]
ripetutamente	[]
bicocca	[]
iscritto	[1758812]
allenare	[5739288, 1809181.0]
competitivo	[]
ripopolare	[]
semestre	[]
allestimento	[]
serie	[]
inconfondibile	[4998976.0]
riciclabili	[2728287.0]
arcobaleno	[1964663.0, 378137.0]
salvezza	[]
gareggiare	[]
promozione	[3319143.0]
elettronico	[]
telecamera	[]
spostamento	[2213603]
habitat	[]
arrotolato	[]
stressante	[]
discarica	[1646130.0]
scavare	[3021788.0]
caloria	[]
fattorino	[]
pubblicato	[]
denuncia	[3250110]
riunire	[1735650.0, 1860234.0]
durata	[1846952, 1878239]
fastidioso	[]
vincitore	[1265197.0]
ospitare	[]
viale	[5414985]
olimpiade	[]
spettacolare	[]
leggibile	[]
visionario	[]
formale	[]
cartaceo	[]
telegrafo	[999181, 999185]
esponente	[]
lassù	[1763977]
dignitoso	[]
cenetta	[]
soddisfatto	[]
capotreno	[]
allarmante	[]
codardia	[1321501.0]
serra	[]
incuriosire	[2485408.0, 4544715]
brillante	[1838558]
dapprima	[1758790]
ripagare	[]
amarezza	[3561437]
rifiuto	[1759560.0, 4417525.0]
commissionare	[]
aggiunto	[1743129]
disperatamente	[2997641]
steccato	[]
destino	[585784, 5820136]
preparato	[]
emozionare	[]
eterno	[1434757]
allerta	[]
salmone	[]
impegnativo	[]
navigare	[]
intervistato	[]
sarta	[]
tiramisù	[]
sepolto	[1931689.0]
cordiale	[2417941.0]
fidanzare	[1873270, 947388]
agio	[1010953]
gemellare	[]
dimagrimento	[]
allarmare	[3369956.0]
approfondimento	[]
grido	[5550381, 706823]
ripassare	[]
cruciverba	[3268774]
meraviglia	[2090607, 2205678]
scaricabile	[]
scritta	[]
recensione	[]
elencare	[2140478]
pari	[645577, 1000524.0]
nido	[5172283.0]
lettura	[3307383, 1566477]
apprezzato	[]
canale	[2215527.0]
modalità	[]
lira	[1200979]
apprendistato	[]
vespa	[]
costituzione	[637196.0, 2988232]
inutilmente	[]
instabile	[1561186.0]
etico	[]
milanese	[]
formato	[]
regista	[]
frazione	[]
professionalità	[]
ozono	[]
annuncio	[]
disturbare	[418987, 1828256]
orecchino	[]
rilassare	[2427303, 6551121]
autorevolezza	[]
oblio	[]
garanzia	[4974539, 3296530.0]
disperazione	[]
civico	[]
specie	[4886413, 920664.0]
ripercuotere	[]
esercitare	[2443782]
componente	[]
invasione	[]
semplificare	[]
smarrire	[4579898, 5962427.0]
avventuroso	[]
asino	[]
bevanda	[3807090.0]
congresso	[2283512.0]
autista	[5665637, 2584485]
magico	[]
astronomia	[382269]
danneggiare	[668049.0, 2449136.0]
vedova	[2420287, 1341673]
ricercare	[]
tubatura	[]
fagiolo	[]
aeronautico	[]
ingenuamente	[]
prestigio	[]
originale	[2510733.0, 1002806]
applicato	[]
caratteristico	[]
teorico	[1296406.0]
camoscio	[]
osservatorio	[]
stand	[]
dimenticato	[]
prevendita	[]
idoneo	[]
archeologo	[]
burocrazia	[2402142]
mercatino	[]
svolgimento	[1368154.0]
pietoso	[]
dolorante	[]
scontato	[]
merito	[1856712.0, 1754669]
fermamente	[]
ferocia	[]
dintorno	[2219171.0]
brevettare	[]
scheda	[]
partecipazione	[1510811]
irlandese	[1250577.0, 3119200.0]
raffigurare	[]
apparire	[4937226, 3410526.0]
magno	[]
intervistare	[2196057.0]
coniuge	[]
commovente	[4910805]
poté	[2206057, 2198516.0]
condizionatore	[2056101]
attivare	[]
specificare	[3162241]
pralina	[996850]
scelto	[]
circolare	[]
trattoria	[]
gradino	[]
assicurato	[]
nascondino	[]
disabile	[]
oroscopo	[]
pesare	[6579230.0]
influire	[]
ingegneria	[4750138.0]
architettonico	[1796343.0]
capricorno	[]
dovunque	[]
studioso	[1874163.0]
cioccolata	[2197529.0]
imbiancare	[]
noia	[1905694, 2796312]
applicazione	[1166632.0, 2132684.0]
preoccupante	[]
portale	[2437011.0]
turistico	[750418, 4589388]
musicale	[2205998, 3375669]
somigliare	[]
spalla	[1278503]
discolpare	[]
beffa	[]
fondazione	[]
